timestamp,caller,call_sid,direction,intent,query
2026-02-23 17:08:09,+918807110118,CAc7b4344241b2b8fc0fd792d057b6789e,inbound,greeted,
2026-02-23 17:09:28,+918807110118,CA1976875cbe61454f237797b4afcac298,inbound,greeted,
2026-02-23 17:10:42,+918807110118,CAa58a65e63b475fcd3b421d34d67ce359,inbound,greeted,
2026-02-23 17:14:03,+918807110118,CAca90e92218220f2e74f4d430261228ca,inbound,greeted,
2026-02-23 17:16:45,+918807110118,CA7b95d6f2ba39d83959b95d660ecbb48e,inbound,greeted,
2026-02-23 17:17:38,+918807110118,CA28adcc8eb8379568e4b6d8415647e5c2,inbound,greeted,
2026-02-23 17:22:19,+918807110118,CAddba2fec0dfcb1379c7f8b6f2a96860e,inbound,greeted,
2026-02-23 17:22:50,+918807110118,CAddba2fec0dfcb1379c7f8b6f2a96860e,inbound,availability,What are the colour available in the short kurti?
2026-02-23 17:23:55,+918807110118,CAf5aa7f07afe3c4772c69e8a1c74e1dac,inbound,greeted,
2026-02-23 17:24:25,+918807110118,CAf5aa7f07afe3c4772c69e8a1c74e1dac,inbound,human_needed,What ise D price off cotton kurta?
2026-02-23 17:25:00,+918807110118,CAcd9c8f193250eb9408ad154d46af2554,inbound,greeted,
2026-02-23 17:25:40,+918807110118,CAcd9c8f193250eb9408ad154d46af2554,inbound,price,What ise D price off short kurti?
2026-02-23 18:55:40,+918807110118,CA9876ba1c1709a64b527e496c06fe1846,inbound,greeted,
2026-02-23 18:58:31,+918807110118,CA0795fb931ee13c464ff1e57b8dedacde,inbound,greeted,
2026-02-23 18:58:57,+918807110118,CA0795fb931ee13c464ff1e57b8dedacde,inbound,order_status,I want Tu check D order status.
2026-02-23 18:59:17,+918807110118,CA0795fb931ee13c464ff1e57b8dedacde,inbound,order_checked,my name is Subi
2026-02-23 21:05:03,+918807110118,CA3d0308151c3a9a2b5f1c06f051c72aaf,inbound,greeted,
2026-02-23 21:06:05,+918807110118,CAad542bb3cf1ceb0558c0240690fa44a2,inbound,greeted,
2026-02-23 21:06:31,+918807110118,CAad542bb3cf1ceb0558c0240690fa44a2,inbound,order_status,I want Tu check D order status.
2026-02-23 21:06:50,+918807110118,CAad542bb3cf1ceb0558c0240690fa44a2,inbound,order_checked,Shubhi my name is Subi
2026-02-23 22:22:55,+918807110118,CA562a4a23770c6ddc3c1c2cc1b325277b,inbound,greeted,
2026-02-23 22:23:23,+918807110118,CA4081a6370ac9edfbbe56c0c6bd0ba341,inbound,greeted,
2026-02-23 22:23:56,+918807110118,CAb8c0650f31421da06ce18e090f1cac09,inbound,greeted,
2026-02-23 22:24:17,+918807110118,CAb8c0650f31421da06ce18e090f1cac09,inbound,human_needed,I want Tu check D order status.
2026-02-23 22:25:03,+918807110118,CA3335c911a73fe858b803298c4f4a4136,inbound,greeted,
2026-02-23 22:25:25,+918807110118,CA3335c911a73fe858b803298c4f4a4136,inbound,human_needed,What ise D price off short kurti?
2026-02-23 22:33:31,+918807110118,CA89881554b2e9b750e218d97b1ab2d1c6,inbound,greeted,
2026-02-23 22:33:56,+918807110118,CA89881554b2e9b750e218d97b1ab2d1c6,inbound,human_needed,What ise D price off short kurti?
2026-02-24 08:50:56,+918807110118,CA0ec3fe194e939e88ab52feea04bbfc26,inbound,greeted,
2026-02-24 08:52:07,+918807110118,CA408502da91df1ce16e2ecfd6da2fe662,inbound,greeted,
2026-02-24 08:52:34,+918807110118,CA408502da91df1ce16e2ecfd6da2fe662,inbound,order_status,I want Tu check D order status.
2026-02-24 08:52:54,+918807110118,CA408502da91df1ce16e2ecfd6da2fe662,inbound,order_checked,Mai name ise Subi
